{
    "total_runtime": 209.6010069847107,
    "num_documents": 9,
    "input_load_time": 0,
    "workflows": {
        "create_base_text_units": {
            "overall": 0.20310711860656738,
            "0_orderby": 0.005730152130126953,
            "1_zip": 0.002293109893798828,
            "2_aggregate_override": 0.004389047622680664,
            "3_chunk": 0.15931081771850586,
            "4_select": 0.0038940906524658203,
            "5_unroll": 0.004747152328491211,
            "6_rename": 0.002151012420654297,
            "7_genid": 0.003756999969482422,
            "8_unzip": 0.0029230117797851562,
            "9_copy": 0.0024759769439697266,
            "10_filter": 0.009680747985839844
        },
        "create_base_extracted_entities": {
            "overall": 85.31309914588928,
            "0_entity_extract": 85.28114700317383,
            "1_merge_graphs": 0.02917003631591797
        },
        "create_summarized_entities": {
            "overall": 36.32525897026062,
            "0_summarize_descriptions": 36.32210612297058
        },
        "create_base_entity_graph": {
            "overall": 0.0719597339630127,
            "0_cluster_graph": 0.06441688537597656,
            "1_select": 0.00410914421081543
        },
        "create_final_entities": {
            "overall": 1.0072932243347168,
            "0_unpack_graph": 0.022182941436767578,
            "1_rename": 0.003997087478637695,
            "2_select": 0.0040018558502197266,
            "3_dedupe": 0.005624055862426758,
            "4_rename": 0.004074811935424805,
            "5_filter": 0.012282848358154297,
            "6_text_split": 0.0066661834716796875,
            "7_drop": 0.0064809322357177734,
            "8_merge": 0.02816319465637207,
            "9_text_embed": 0.885382890701294,
            "10_drop": 0.00534510612487793,
            "11_filter": 0.019270896911621094
        },
        "create_final_nodes": {
            "overall": 0.21957898139953613,
            "0_layout_graph": 0.07882285118103027,
            "1_unpack_graph": 0.02870774269104004,
            "2_unpack_graph": 0.027330875396728516,
            "3_filter": 0.016558170318603516,
            "4_drop": 0.006509065628051758,
            "5_select": 0.006085872650146484,
            "6_rename": 0.006422996520996094,
            "7_convert": 0.023874998092651367,
            "8_join": 0.01268911361694336,
            "9_rename": 0.007029056549072266
        },
        "create_final_communities": {
            "overall": 0.23386907577514648,
            "0_unpack_graph": 0.025709867477416992,
            "1_unpack_graph": 0.027431249618530273,
            "2_aggregate_override": 0.011339902877807617,
            "3_join": 0.011151313781738281,
            "4_join": 0.010377168655395508,
            "5_concat": 0.007887125015258789,
            "6_filter": 0.03201889991760254,
            "7_aggregate_override": 0.010441780090332031,
            "8_join": 0.011123180389404297,
            "9_filter": 0.01964712142944336,
            "10_fill": 0.008193731307983398,
            "11_merge": 0.009824037551879883,
            "12_copy": 0.00841379165649414,
            "13_select": 0.03303885459899902
        },
        "join_text_units_to_entity_ids": {
            "overall": 0.04793381690979004,
            "0_select": 0.008946895599365234,
            "1_unroll": 0.009746074676513672,
            "2_aggregate_override": 0.02033400535583496
        },
        "create_final_relationships": {
            "overall": 0.1500868797302246,
            "0_unpack_graph": 0.0278170108795166,
            "1_filter": 0.02381610870361328,
            "2_rename": 0.009735822677612305,
            "3_filter": 0.024480819702148438,
            "4_drop": 0.01071786880493164,
            "5_compute_edge_combined_degree": 0.012424230575561523,
            "6_convert": 0.020323991775512695,
            "7_convert": 0.011220932006835938
        },
        "join_text_units_to_relationship_ids": {
            "overall": 0.05656599998474121,
            "0_select": 0.010788917541503906,
            "1_unroll": 0.011234045028686523,
            "2_aggregate_override": 0.012139081954956055,
            "3_select": 0.011792182922363281
        },
        "create_final_community_reports": {
            "overall": 83.44624614715576,
            "0_prepare_community_reports_nodes": 0.015067815780639648,
            "1_prepare_community_reports_edges": 0.012851953506469727,
            "2_restore_community_hierarchy": 0.013187646865844727,
            "3_prepare_community_reports": 0.08300209045410156,
            "4_create_community_reports": 83.29584980010986,
            "5_window": 0.014950752258300781
        },
        "create_final_text_units": {
            "overall": 0.10899186134338379,
            "0_select": 0.012267827987670898,
            "1_rename": 0.011918783187866211,
            "2_join": 0.027737855911254883,
            "3_join": 0.01717972755432129,
            "4_aggregate_override": 0.014593124389648438,
            "5_select": 0.013102054595947266
        },
        "create_base_documents": {
            "overall": 0.16662335395812988,
            "0_unroll": 0.013823986053466797,
            "1_select": 0.01369476318359375,
            "2_rename": 0.013338088989257812,
            "3_join": 0.015883922576904297,
            "4_aggregate_override": 0.014106273651123047,
            "5_join": 0.01861405372619629,
            "6_rename": 0.014017105102539062,
            "7_convert": 0.049952030181884766
        },
        "create_final_documents": {
            "overall": 0.028339862823486328,
            "0_rename": 0.014015913009643555
        }
    }
}